Model,CV_RMSE,CV_MAE,CV_R2
Linear Regression - Original,0.7282509142479743,0.5316768254176778,0.6013781013684618
Random Forest - Original,0.5033790906243896,0.32777916452034905,0.8095705922532843
XGBoost - Original,0.46891424500555756,0.30747903130206333,0.8346953181878028
Linear Regression - FE,0.6569676977463464,0.4723694121589056,0.6756529282479867
Random Forest - FE,0.48296668743699234,0.3077953764098839,0.8246813652203189
XGBoost - FE,0.4637557821096713,0.30398271398251764,0.8382826091777023
